dist_bucket,route_type,avg_actual_time,avg_delay_ratio,trip_count
<100km,Carting,25.221975292502776,2.3245353551266317,30598
<100km,FTL,40.826469894725165,1.9699146960816274,72097
100-300km,Carting,52.55555555555556,0.5898630987347375,36
100-300km,FTL,248.5392156862745,2.2117893594374243,306
300-600km,Carting,,,0
300-600km,FTL,1011.1428571428571,3.3441043079138466,7
600-1000km,Carting,,,0
600-1000km,FTL,1677.0,2.275440976933514,1
>1000km,Carting,,,0
>1000km,FTL,2622.75,2.317357301190866,4
